,Start,End
0,49630.188679245286,55571.32075471698
