,Start,End
0,66149.43396226416,70641.50943396226
