,Start,End
0,67743.39622641509,72380.37735849057
