,Start,End
0,62671.698113207545,65714.71698113208
