,Start,End
0,59483.77358490566,63686.03773584906
