,Start,End
0,18330.56603773585,20359.245283018867
