,Start,End
0,27024.90566037736,31227.169811320757
