,Start,End
0,43544.15094339623,46152.45283018868
1,73249.81132075471,75278.49056603774
