,Start,End
0,18475.471698113208,21663.39622641509
